neighbor_QUI,neighbor_CAR,neighbor_PAP,neighbor_OXA,numberOfPatients,neighbor_CF3,neighbor_PEN
0.0,0.0,0.0,0.0,0.0,0.0,0.0
0.0,0.0,0.0,0.0,0.0,0.0,0.0
0.0,0.0,0.0,0.0,0.0,0.0,0.0
0.0,0.0,0.0,0.0,0.0,0.0,0.933331630070467
0.0,0.0,0.0,0.0,0.0,0.9187288123414168,1.0
0.0,0.0,0.0,0.0,0.9187288123414168,0.0,0.0
0.0,0.0,0.0,0.933331630070467,1.0,0.0,0.0
