neighbor_QUI,neighbor_CAR,neighbor_PAP,neighbor_OXA,numberOfPatients,neighbor_CF3,neighbor_PEN
0.0,0.5981294980111743,0.7077073176963157,0.8864668845778595,0.6897160714029084,0.5247641113997786,0.8340436471754844
0.5981294980111743,0.0,0.6535978500564471,0.5431912865329924,0.5891314796510653,0.7225799961357223,0.8915431401886468
0.7077073176963157,0.6535978500564471,0.0,0.5626324353412141,0.5569893125577845,0.6330804520246738,0.5432743205977175
0.8864668845778595,0.5431912865329924,0.5626324353412141,0.0,0.7826120281229989,0.696548816844418,0.933331630070467
0.6897160714029084,0.5891314796510653,0.5569893125577845,0.7826120281229989,0.0,0.9187288123414168,1.0
0.5247641113997786,0.7225799961357223,0.6330804520246738,0.696548816844418,0.9187288123414168,0.0,0.8936126045710252
0.8340436471754844,0.8915431401886468,0.5432743205977175,0.933331630070467,1.0,0.8936126045710252,0.0
