accuracy,specificity,precision,recall,f1score,roc_auc
0.643640350877193,0.6495388669301713,0.2611111111111111,0.6143790849673203,0.36647173489278756,0.6854478286703349
