accuracy,specificity,precision,recall,f1score,roc_auc
0.7072784810126582,0.7153996101364523,0.35398230088495575,0.6722689075630253,0.46376811594202905,0.7006732517568431
