accuracy,specificity,precision,recall,f1score,roc_auc
0.6787974683544303,0.6958250497017893,0.34051724137931033,0.6124031007751938,0.4376731301939058,0.7119607933792593
