accuracy,specificity,precision,recall,f1score,roc_auc
0.7009493670886076,0.6921529175050302,0.39285714285714285,0.7333333333333333,0.5116279069767441,0.7380877859751098
