accuracy,specificity,precision,recall,f1score,roc_auc
0.6503164556962026,0.6393762183235867,0.30970149253731344,0.6974789915966386,0.4289405684754522,0.715735416973807
