accuracy,specificity,precision,recall,f1score,roc_auc
0.6882911392405063,0.6740442655935613,0.3816793893129771,0.7407407407407407,0.5037783375314863,0.732811684924361
