accuracy,specificity,precision,recall,f1score,roc_auc
0.6028481012658228,0.6053639846743295,0.23985239852398524,0.5909090909090909,0.34120734908136485,0.6363288052943226
