accuracy,specificity,precision,recall,f1score,roc_auc
0.6534810126582279,0.7203065134099617,0.20218579234972678,0.33636363636363636,0.2525597269624573,0.6345350052246603
