accuracy,specificity,precision,recall,f1score,roc_auc
0.634493670886076,0.6217303822937625,0.32857142857142857,0.6814814814814815,0.4433734939759036,0.6764140397943216
