accuracy,specificity,precision,recall,f1score,roc_auc
0.6882911392405063,0.6898608349900597,0.36065573770491804,0.6821705426356589,0.4718498659517426,0.713424877094025
