accuracy,specificity,precision,recall,f1score,roc_auc
0.625,0.6861598440545809,0.2107843137254902,0.36134453781512604,0.26625386996904027,0.5322456467967305
