accuracy,specificity,precision,recall,f1score,roc_auc
0.6408227848101266,0.6262425447316103,0.3237410071942446,0.6976744186046512,0.4422604422604422,0.7083545240186786
