accuracy,specificity,precision,recall,f1score,roc_auc
0.6408227848101266,0.6317907444668008,0.33211678832116787,0.674074074074074,0.44498777506112464,0.6978537894030851
