accuracy,specificity,precision,recall,f1score,roc_auc
0.5759493670886076,0.5685884691848907,0.26440677966101694,0.6046511627906976,0.36792452830188677,0.6419775918134604
