accuracy,specificity,precision,recall,f1score,roc_auc
0.5569620253164557,0.5208747514910537,0.2719033232628399,0.6976744186046512,0.391304347826087,0.680937630033751
