accuracy,specificity,precision,recall,f1score,roc_auc
0.6973684210526315,0.7088274044795784,0.3072100313479624,0.6405228758169934,0.41525423728813554,0.7002419764568102
