accuracy,specificity,precision,recall,f1score,roc_auc
0.5363924050632911,0.4970178926441352,0.260233918128655,0.689922480620155,0.37791932059447986,0.6395888236472638
