accuracy,specificity,precision,recall,f1score,roc_auc
0.9096313912009513,0.8619153674832962,0.8590909090909091,0.9642857142857143,0.9086538461538463,0.9818133266669696
