accuracy,specificity,precision,recall,f1score,roc_auc
0.6107594936708861,0.5906432748538012,0.2832764505119454,0.6974789915966386,0.4029126213592233,0.6799433223581832
