Age,Gender,SAPSIIIScore,YearOfAdmission
0.0,0.0,0.9993747641341044,1.0
0.0,0.0,0.0,0.0
0.9993747641341044,0.0,0.0,0.0
1.0,0.0,0.0,0.0
