Age,Gender,SAPSIIIScore,YearOfAdmission
0.0,0.0,0.9777288431139285,1.0
0.0,0.0,0.0,0.0
0.9777288431139285,0.0,0.0,0.0
1.0,0.0,0.0,0.0
