Age,Gender,SAPSIIIScore,YearOfAdmission
0.0,0.0,0.9999749802343851,1.0
0.0,0.0,0.0,0.0
0.9999749802343851,0.0,0.0,0.9993584932096357
1.0,0.0,0.9993584932096357,0.0
