Age,Gender,SAPSIIIScore,YearOfAdmission
0.0,0.0,0.9943862038480608,1.0
0.0,0.0,0.2313304541571839,0.0
0.9943862038480608,0.2313304541571839,0.0,0.865639242812513
1.0,0.0,0.865639242812513,0.0
