Age,Gender,SAPSIIIScore,YearOfAdmission
0.0,0.0,0.9999439003108525,1.0
0.0,0.0,0.9854671751702776,0.9797610353598345
0.9999439003108525,0.9854671751702776,0.0,0.998558438344939
1.0,0.9797610353598345,0.998558438344939,0.0
