Age,Gender,SAPSIIIScore,YearOfAdmission
0.0,0.0,0.9985938390285466,1.0
0.0,0.0,0.0,0.0
0.9985938390285466,0.0,0.0,0.9645710163564226
1.0,0.0,0.9645710163564226,0.0
