Age,Gender,SAPSIIIScore,YearOfAdmission
0.0,0.9857847699682749,0.9999749802343851,1.0
0.9857847699682749,0.0,0.9935148767526345,0.9909538535443
0.9999749802343851,0.9935148767526345,0.0,0.9993584932096357
1.0,0.9909538535443,0.9993584932096357,0.0
