Age,Gender,SAPSIIIScore,YearOfAdmission
0.0,0.0,0.9943862038480608,1.0
0.0,0.0,0.0,0.0
0.9943862038480608,0.0,0.0,0.0
1.0,0.0,0.0,0.0
