accuracy,specificity,precision,recall,f1score,roc_auc
0.5886075949367089,0.613682092555332,0.25868725868725867,0.4962962962962963,0.3401015228426396,0.5945152395856621
