accuracy,specificity,precision,recall,f1score,roc_auc
0.694620253164557,0.7037773359840954,0.36324786324786323,0.6589147286821705,0.46831955922865015,0.7313945782668332
