accuracy,specificity,precision,recall,f1score,roc_auc
0.7183544303797469,0.7283702213279678,0.4052863436123348,0.6814814814814815,0.5082872928176796,0.7403830389745881
