accuracy,specificity,precision,recall,f1score,roc_auc
0.7262658227848101,0.7505030181086519,0.4095238095238095,0.6370370370370371,0.4985507246376811,0.7325434085997466
