accuracy,specificity,precision,recall,f1score,roc_auc
0.5743670886075949,0.5705765407554672,0.2602739726027397,0.5891472868217055,0.3610451306413301,0.6357205603587777
