accuracy,specificity,precision,recall,f1score,roc_auc
0.7088607594936709,0.7283702213279678,0.3891402714932127,0.6370370370370371,0.4831460674157304,0.7544749981369699
