accuracy,specificity,precision,recall,f1score,roc_auc
0.6313291139240507,0.6461232604373758,0.29365079365079366,0.5736434108527132,0.38845144356955386,0.6355202120609675
