accuracy,specificity,precision,recall,f1score,roc_auc
0.685126582278481,0.704225352112676,0.36086956521739133,0.6148148148148148,0.4547945205479452,0.7087115284298384
