Origin,Gender,Age
0.0,0.9937975768303721,1.0
0.9937975768303721,0.0,0.9152532848458576
1.0,0.9152532848458576,0.0
