accuracy,specificity,precision,recall,f1score,roc_auc
0.5822784810126582,0.5774647887323944,0.27835051546391754,0.6,0.38028169014084506,0.6057306803785677
