accuracy,specificity,precision,recall,f1score,roc_auc
0.7120253164556962,0.7037037037037037,0.36929460580912865,0.7478991596638656,0.49444444444444446,0.7809720379379823
