accuracy,specificity,precision,recall,f1score,roc_auc
0.7104430379746836,0.7263581488933601,0.39285714285714285,0.6518518518518519,0.49025069637883006,0.7405618898576645
