Age,Gender,SAPSIIIScore,YearOfAdmission
0.0,0.0,1.0,0.9999438991868388
0.0,0.0,0.9852194393324806,0.9797676424534889
1.0,0.9852194393324806,0.0,0.9986155120751992
0.9999438991868388,0.9797676424534889,0.9986155120751992,0.0
