Age,Gender,SAPSIIIScore,YearOfAdmission
0.0,0.0,1.0,0.9999749800090272
0.0,0.0,0.0,0.0
1.0,0.0,0.0,0.9993845082220694
0.9999749800090272,0.0,0.9993845082220694,0.0
