Age,Gender,SAPSIIIScore,YearOfAdmission
0.0,0.0,1.0,0.9944635708950221
0.0,0.0,0.22558344984773324,0.0
1.0,0.22558344984773324,0.0,0.8706761985022313
0.9944635708950221,0.0,0.8706761985022313,0.0
