Age,Gender,SAPSIIIScore,YearOfAdmission
0.0,0.9173641428881546,1.0,0.999846233628404
0.9173641428881546,0.0,0.9594810535709978,0.9448049076597763
1.0,0.9594810535709978,0.0,0.9961608657549225
0.999846233628404,0.9448049076597763,0.9961608657549225,0.0
