Age,Gender,SAPSIIIScore,YearOfAdmission
0.0,0.0,1.0,0.9993838067683318
0.0,0.0,0.0,0.0
1.0,0.0,0.0,0.0
0.9993838067683318,0.0,0.0,0.0
