Age,Gender,SAPSIIIScore,YearOfAdmission
0.0,0.0,1.0,0.9986130113343962
0.0,0.0,0.0,0.0
1.0,0.0,0.0,0.9659706619471395
0.9986130113343962,0.0,0.9659706619471395,0.0
