Age,Gender,SAPSIIIScore,YearOfAdmission
0.0,0.4601266908500588,1.0,0.9986130113343962
0.4601266908500588,0.0,0.6891712376624952,0.5999018857188283
1.0,0.6891712376624952,0.0,0.9659706619471395
0.9986130113343962,0.5999018857188283,0.9659706619471395,0.0
