Age,Gender,SAPSIIIScore,YearOfAdmission
0.0,0.0,1.0,0.9944635708950221
0.0,0.0,0.0,0.0
1.0,0.0,0.0,0.0
0.9944635708950221,0.0,0.0,0.0
