Age,Gender,SAPSIIIScore,YearOfAdmission
0.0,0.7082192423679775,1.0,0.9993838067683318
0.7082192423679775,0.0,0.8475115587240311,0.7968368067316051
1.0,0.8475115587240311,0.0,0.9847308541417571
0.9993838067683318,0.7968368067316051,0.9847308541417571,0.0
