accuracy,specificity,precision,recall,f1score,roc_auc
0.5474683544303798,0.5243664717348928,0.2398753894080997,0.6470588235294118,0.35,0.6134453781512605
