accuracy,specificity,precision,recall,f1score,roc_auc
0.7041139240506329,0.7095516569200779,0.3521739130434783,0.680672268907563,0.4641833810888253,0.7416416859141316
