neighbor_QUI,neighbor_CAR,neighbor_PAP,neighbor_OXA,numberOfPatients,neighbor_CF3,neighbor_PEN
0.0,2.5766841728399603,2.2829707087969293,2.057094322799051,2.423304952689795,2.930900368506019,2.1630636837230055
2.5766841728399603,0.0,2.457915064633495,2.613521505292442,2.666391344217529,2.2878078086587728,2.002906598187079
2.2829707087969293,2.457915064633495,0.0,2.580514036967253,2.540207508122378,2.4580953544020403,2.6543842213965414
2.057094322799051,2.613521505292442,2.580514036967253,0.0,2.203650704305611,2.172861069604355,1.9859390426283006
2.423304952689795,2.666391344217529,2.540207508122378,2.203650704305611,0.8906959596889664,2.007807276401702,1.8576139865073837
2.930900368506019,2.2878078086587728,2.4580953544020403,2.172861069604355,2.007807276401702,0.0,2.116418958230311
2.1630636837230055,2.002906598187079,2.6543842213965414,1.9859390426283006,1.8576139865073837,2.116418958230311,1.7399099063874683
