accuracy,specificity,precision,recall,f1score,roc_auc
0.6962025316455697,0.704225352112676,0.379746835443038,0.6666666666666666,0.48387096774193544,0.7336314181384603
