accuracy,specificity,precision,recall,f1score,roc_auc
0.555379746835443,0.5594541910331384,0.2206896551724138,0.5378151260504201,0.31295843520782396,0.5506413091552411
