accuracy,specificity,precision,recall,f1score,roc_auc
0.6724683544303798,0.6781609195402298,0.29707112970711297,0.6454545454545455,0.40687679083094563,0.6993730407523511
