accuracy,specificity,precision,recall,f1score,roc_auc
0.6518987341772152,0.6458752515090543,0.3408239700374532,0.674074074074074,0.4527363184079602,0.6883076235188912
