features_static,roc_seed_0,mean_importance
Age,0.008660244776397263,0.008660244776397263
Gender,0.008997626692726524,0.008997626692726524
SAPSIIIScore,0.010745878440978296,0.010745878440978296
MonthOfAdmission,0.008568231526489223,0.008568231526489223
YearOfAdmission,0.009979101358411735,0.009979101358411735
Origin,0.010040443525016984,0.010040443525016984
ReasonAdmission,0.008844271276213123,0.008844271276213123
PatientCategory,0.008598902609791792,0.008598902609791792
