features_static,roc_seed_0,mean_importance
Age,-0.05538034258542435,-0.05538034258542435
Gender,-0.056085777501385436,-0.056085777501385436
SAPSIIIScore,0.07297814103621725,0.07297814103621725
MonthOfAdmission,-0.061667914662470125,-0.061667914662470125
YearOfAdmission,-0.011643377795828025,-0.011643377795828025
Origin,-0.031211528942926448,-0.031211528942926448
ReasonAdmission,-0.04170103943243697,-0.04170103943243697
PatientCategory,-0.05531900041881899,-0.05531900041881899
