isVM,neighbor_OXA,neighbor_CAR
0.0,8.278500158607399,8.462585669296235
1.8340027294981112,0.0,2.7138306186502748
4.363286662124143,2.7138306186502748,0.0
