accuracy,specificity,precision,recall,f1score,roc_auc
0.7083333333333334,0.7605442176870748,0.33079847908745247,0.4915254237288136,0.39545454545454545,0.7035320342826397
