accuracy,specificity,precision,recall,f1score,roc_auc
0.6487341772151899,0.6302186878727635,0.3333333333333333,0.7209302325581395,0.4558823529411765,0.7231417695378118
