accuracy,specificity,precision,recall,f1score,roc_auc
0.5284810126582279,0.49707602339181284,0.2344213649851632,0.6638655462184874,0.34649122807017546,0.6351581568299833
