accuracy,specificity,precision,recall,f1score,roc_auc
0.901307966706302,0.8395604395604396,0.8374164810690423,0.9740932642487047,0.9005988023952095,0.9853897397938849
