accuracy,specificity,precision,recall,f1score,roc_auc
0.5490506329113924,0.5231388329979879,0.26851851851851855,0.6444444444444445,0.3790849673202615,0.6327371637230792
