SAPSIIIScore,YearOfAdmission,Gender,Age
0.0,1.0,0.0,0.9788077553485596
1.0,0.0,0.0,0.9929312287140444
0.0,0.0,0.0,0.0
0.9788077553485596,0.9929312287140444,0.0,0.0
