accuracy,specificity,precision,recall,f1score,roc_auc
0.615506329113924,0.6177062374245473,0.3014705882352941,0.6074074074074074,0.4029484029484029,0.6772635814889336
