accuracy,specificity,precision,recall,f1score,roc_auc
0.5632911392405063,0.5546719681908548,0.2558139534883721,0.5968992248062015,0.35813953488372097,0.6059611324302248
