accuracy,specificity,precision,recall,f1score,roc_auc
0.7088607594936709,0.7037037037037037,0.36401673640167365,0.7310924369747899,0.48603351955307256,0.7659672055956885
