accuracy,specificity,precision,recall,f1score,roc_auc
0.6503164556962026,0.6374269005847953,0.3111111111111111,0.7058823529411765,0.4318766066838047,0.7027536160663095
