accuracy,specificity,precision,recall,f1score,roc_auc
0.6661392405063291,0.6569200779727096,0.3230769230769231,0.7058823529411765,0.44327176781002636,0.6999279243861287
