accuracy,specificity,precision,recall,f1score,roc_auc
0.6787974683544303,0.6901408450704225,0.35833333333333334,0.6370370370370371,0.45866666666666667,0.6942618675013041
