accuracy,specificity,precision,recall,f1score,roc_auc
0.7017543859649122,0.7241830065359477,0.2895622895622896,0.5850340136054422,0.38738738738738737,0.7118936463474279
