accuracy,specificity,precision,recall,f1score,roc_auc
0.6186708860759493,0.6257309941520468,0.26717557251908397,0.5882352941176471,0.36745406824146987,0.6644716366078596
