accuracy,specificity,precision,recall,f1score,roc_auc
0.615506329113924,0.5975855130784709,0.3150684931506849,0.6814814814814815,0.4309133489461358,0.6799090841344362
