accuracy,specificity,precision,recall,f1score,roc_auc
0.7341772151898734,0.7485380116959064,0.3827751196172249,0.6722689075630253,0.48780487804878053,0.746121840549085
