accuracy,specificity,precision,recall,f1score,roc_auc
0.6392405063291139,0.6276803118908382,0.30036630036630035,0.6890756302521008,0.4183673469387755,0.701738005143578
