accuracy,specificity,precision,recall,f1score,roc_auc
0.5996835443037974,0.5957854406130269,0.24372759856630824,0.6181818181818182,0.3496143958868895,0.6215952629745733
