accuracy,specificity,precision,recall,f1score,roc_auc
0.7116228070175439,0.7325428194993412,0.3141891891891892,0.6078431372549019,0.4142538975501114,0.7297699931971031
