accuracy,specificity,precision,recall,f1score,roc_auc
0.5838607594936709,0.5653021442495126,0.26158940397350994,0.6638655462184874,0.3752969121140142,0.6379674676888298
