accuracy,specificity,precision,recall,f1score,roc_auc
0.9143876337693222,0.8774617067833698,0.8679245283018868,0.9583333333333334,0.910891089108911,0.9811895970094822
