accuracy,specificity,precision,recall,f1score,roc_auc
0.560126582278481,0.5492957746478874,0.26557377049180325,0.6,0.36818181818181817,0.619300991131977
