accuracy,specificity,precision,recall,f1score,roc_auc
0.6995614035087719,0.716514954486346,0.28524590163934427,0.6083916083916084,0.38839285714285715,0.7408859021342767
