accuracy,specificity,precision,recall,f1score,roc_auc
0.5348101265822784,0.49899396378269617,0.26548672566371684,0.6666666666666666,0.37974683544303794,0.6243237200983679
