accuracy,specificity,precision,recall,f1score,roc_auc
0.6787974683544303,0.7022132796780685,0.3508771929824561,0.5925925925925926,0.44077134986225897,0.7024517475221701
