features_static,roc_seed_0,mean_importance
Age,0.006993006993007089,0.006993006993007089
Gender,0.002177646914489073,0.002177646914489073
SAPSIIIScore,0.04223408170776599,0.04223408170776599
MonthOfAdmission,0.01558091031775255,0.01558091031775255
YearOfAdmission,0.014078027235922108,0.014078027235922108
Origin,-0.0003987240829346206,-0.0003987240829346206
ReasonAdmission,0.00021469758311876141,0.00021469758311876141
PatientCategory,-0.002484357747515653,-0.002484357747515653
