Age,Gender,SAPSIIIScore,YearOfAdmission
0.0,0.0,1.0,0.9999429549914883
0.0,0.0,0.0,0.0
1.0,0.0,0.0,0.9994145380705377
0.9999429549914883,0.0,0.9994145380705377,0.0
