Age,Gender,SAPSIIIScore,YearOfAdmission
0.0,0.45668952208515007,1.0,0.9967666499754859
0.45668952208515007,0.0,0.6913399951703598,0.6008825069805026
1.0,0.6913399951703598,0.0,0.9675985502716411
0.9967666499754859,0.6008825069805026,0.9675985502716411,0.0
