Age,Gender,SAPSIIIScore,YearOfAdmission
0.0,0.0,1.0,0.9871273081635723
0.0,0.0,0.22843743506330655,0.0
1.0,0.22843743506330655,0.0,0.8765587792021057
0.9871273081635723,0.0,0.8765587792021057,0.0
