Age,Gender,SAPSIIIScore,YearOfAdmission
0.0,0.0,1.0,0.9967666499754859
0.0,0.0,0.0,0.0
1.0,0.0,0.0,0.9675985502716411
0.9967666499754859,0.0,0.9675985502716411,0.0
