Age,Gender,SAPSIIIScore,YearOfAdmission
0.0,0.9691362477034259,1.0,0.9998707707473058
0.9691362477034259,0.0,0.9853440002564551,0.9798322223624711
1.0,0.9853440002564551,0.0,0.9986836648213933
0.9998707707473058,0.9798322223624711,0.9986836648213933,0.0
