Age,Gender,SAPSIIIScore,YearOfAdmission
0.0,0.916600759134181,1.0,0.9996402302928104
0.916600759134181,0.0,0.9598163365595364,0.9449773435529368
1.0,0.9598163365595364,0.0,0.9963470310457139
0.9996402302928104,0.9449773435529368,0.9963470310457139,0.0
