Age,Gender,SAPSIIIScore,YearOfAdmission
0.0,0.0,1.0,0.9985619141840139
0.0,0.0,0.0,0.0
1.0,0.0,0.0,0.0
0.9985619141840139,0.0,0.0,0.0
