Age,Gender,SAPSIIIScore,YearOfAdmission
0.0,0.9861640834618515,1.0,0.9999429549914883
0.9861640834618515,0.0,0.993459839813613,0.9909858878655259
1.0,0.993459839813613,0.0,0.9994145380705377
0.9999429549914883,0.9909858878655259,0.9994145380705377,0.0
