Age,Gender,SAPSIIIScore,YearOfAdmission
0.0,0.7058624945179354,1.0,0.9985619141840139
0.7058624945179354,0.0,0.8486960335349374,0.7974145052882802
1.0,0.8486960335349374,0.0,0.9854671739063918
0.9985619141840139,0.7974145052882802,0.9854671739063918,0.0
