accuracy,specificity,precision,recall,f1score,roc_auc
0.7009493670886076,0.7196819085487077,0.36486486486486486,0.627906976744186,0.4615384615384615,0.7580640189868539
