accuracy,specificity,precision,recall,f1score,roc_auc
0.5348101265822784,0.48088531187122735,0.2773109243697479,0.7333333333333333,0.4024390243902439,0.630277964080781
