Age,Gender,SAPSIIIScore,MonthOfAdmission,YearOfAdmission,Origin,ReasonAdmission,PatientCategory
0.0,0.0,0.9971638910212598,0.9970586643630379,0.9970105607478509,0.9990639838211508,1.0,0.9993977026515114
0.0,0.0,0.0,0.0,0.0,0.9927012785540053,0.0,0.9835555787165554
0.9971638910212598,0.0,0.0,0.9872635657205622,0.9933356449792853,0.9981039158347079,0.994479107998629,0.9890063196124451
0.9970586643630379,0.0,0.9872635657205622,0.0,0.9956245753352722,0.9913824377709586,0.9957528516424379,0.9945292159311157
0.9970105607478509,0.0,0.9933356449792853,0.9956245753352722,0.0,0.99469958290157,0.9973913810347488,0.9967650318786666
0.9990639838211508,0.9927012785540053,0.9981039158347079,0.9913824377709586,0.99469958290157,0.0,0.9821124702609421,0.0
1.0,0.0,0.994479107998629,0.9957528516424379,0.9973913810347488,0.9821124702609421,0.0,0.9826606510423451
0.9993977026515114,0.9835555787165554,0.9890063196124451,0.9945292159311157,0.9967650318786666,0.0,0.9826606510423451,0.0
