accuracy,specificity,precision,recall,f1score,roc_auc
0.6693037974683544,0.6998011928429424,0.31981981981981983,0.5503875968992248,0.4045584045584046,0.6714519087028218
