accuracy,specificity,precision,recall,f1score,roc_auc
0.9048751486325802,0.844097995545657,0.8451327433628318,0.9744897959183674,0.9052132701421801,0.9799497750102268
