accuracy,specificity,precision,recall,f1score,roc_auc
0.5791139240506329,0.5685884691848907,0.26936026936026936,0.6201550387596899,0.3755868544600939,0.6384869080093085
