neighbor_QUI,neighbor_CAR,neighbor_PAP,neighbor_OXA,numberOfPatients,neighbor_CF3,neighbor_PEN
0.0,2.5204208400038124,2.3388119214082987,1.9721313675092085,2.4142576615811047,2.832016634555539,2.1747554184528286
2.5204208400038124,2.4376413530427756,2.508722895884212,2.494176762051691,2.555873838637422,2.3130952676102727,2.175268858166131
2.3388119214082987,2.508722895884212,0.8801782359250986,2.6215518639630413,2.667090139078605,2.49147861106377,2.6678257939259344
1.9721313675092085,2.494176762051691,2.6215518639630413,0.0,2.172827410038904,2.144632679838122,2.027661143776902
2.4142576615811047,2.555873838637422,2.667090139078605,2.172827410038904,0.9881366625979453,2.031152755191556,1.8649068076466455
2.832016634555539,2.3130952676102727,2.49147861106377,2.144632679838122,2.031152755191556,0.14801471601002003,2.035642431744373
2.1747554184528286,2.175268858166131,2.6678257939259344,2.027661143776902,1.8649068076466455,2.035642431744373,1.5608846539411525
