isVM,neighbor_OXA,neighbor_CAR
0.0,8.3617798180627,8.546129250630662
1.783662121855973,0.0,2.613521505292442
4.428911022810753,2.613521505292442,0.0
