accuracy,specificity,precision,recall,f1score,roc_auc
0.5886075949367089,0.5995975855130785,0.27106227106227104,0.5481481481481482,0.3627450980392156,0.603293837096654
