accuracy,specificity,precision,recall,f1score,roc_auc
0.6819620253164557,0.6938369781312127,0.3474576271186441,0.6356589147286822,0.4493150684931507,0.715667236888745
