accuracy,specificity,precision,recall,f1score,roc_auc
0.6756329113924051,0.695906432748538,0.30973451327433627,0.5882352941176471,0.4057971014492754,0.6675594214293905
