accuracy,specificity,precision,recall,f1score,roc_auc
0.7120253164556962,0.7216699801192843,0.3832599118942731,0.6744186046511628,0.48876404494382014,0.7452648450382974
