accuracy,specificity,precision,recall,f1score,roc_auc
0.6645569620253164,0.6579476861167002,0.35361216730038025,0.6888888888888889,0.46733668341708545,0.7149862135777629
