neighbor_QUI,neighbor_CAR,neighbor_PAP,neighbor_OXA,numberOfPatients,neighbor_CF3,neighbor_PEN
0.6135447262402703,0.8175627093135478,0.8617645409352639,0.9662344445662808,0.8427510653489347,0.754379209812845,0.9061614040256838
0.8175627093135478,0.0,0.8202471124042525,0.8236170552926769,0.8095639079618876,0.8684516928815187,0.9060165952527834
0.8617645409352639,0.8202471124042525,0.0,0.7952973141739329,0.7858261507902959,0.8242456760351525,0.785675482702885
0.9662344445662808,0.8236170552926769,0.7952973141739329,0.6135447262402703,0.9067071573200834,0.9147461368283865,0.949249128845489
0.8427510653489347,0.8095639079618876,0.7858261507902959,0.9067071573200834,0.0,0.9481936151886824,1.0
0.754379209812845,0.8684516928815187,0.8242456760351525,0.9147461368283865,0.9481936151886824,0.6094791990149655,0.9468384394469141
0.9061614040256838,0.9060165952527834,0.785675482702885,0.949249128845489,1.0,0.9468384394469141,0.0
