SAPSIIIScore,Age,YearOfAdmission,MonthOfAdmission
0.0,1.0,0.9961608657549225,0.9900715164379267
1.0,0.0,0.999846233628404,0.9998944740587086
0.9961608657549225,0.999846233628404,0.0,0.9984563062302516
0.9900715164379267,0.9998944740587086,0.9984563062302516,0.0
