accuracy,specificity,precision,recall,f1score,roc_auc
0.6882911392405063,0.6803118908382066,0.344,0.7226890756302521,0.46612466124661245,0.7369240093698297
