accuracy,specificity,precision,recall,f1score,roc_auc
0.6930379746835443,0.6978131212723658,0.36401673640167365,0.6744186046511628,0.47282608695652173,0.7670026353506866
