accuracy,specificity,precision,recall,f1score,roc_auc
0.6740506329113924,0.6759443339960238,0.3453815261044177,0.6666666666666666,0.45502645502645506,0.7198822568465177
