isVM,neighbor_OXA,neighbor_CAR,neighbor_Falta
0.0,0.0,0.0,0.0
1.0,0.0,0.0,0.6771445826588044
0.0,0.0,0.0,0.0
0.6665883793690603,0.6771445826588044,0.0,0.0
