SAPSIIIScore,Age,YearOfAdmission,MonthOfAdmission
0.0,1.0,0.9961185578563023,0.9915687679587052
1.0,0.0,0.9998753757571677,0.9989125529778662
0.9961185578563023,0.9998753757571677,0.0,0.9985979772681361
0.9915687679587052,0.9989125529778662,0.9985979772681361,0.0
