Origin,Gender,Age
0.0,0.9931071767810555,1.0
0.9931071767810555,0.0,0.9161396579065356
1.0,0.9161396579065356,0.0
