accuracy,specificity,precision,recall,f1score,roc_auc
0.6613924050632911,0.6500994035785288,0.3408239700374532,0.7054263565891473,0.4595959595959596,0.6995546103225607
