accuracy,specificity,precision,recall,f1score,roc_auc
0.625,0.5984405458089669,0.29931972789115646,0.7394957983193278,0.42615012106537536,0.7009844873621964
