accuracy,specificity,precision,recall,f1score,roc_auc
0.8977407847800237,0.8417582417582418,0.8378378378378378,0.9637305699481865,0.8963855421686746,0.9842794511188294
