accuracy,specificity,precision,recall,f1score,roc_auc
0.680379746835443,0.6686159844054581,0.33852140077821014,0.7310924369747899,0.46276595744680854,0.738218094255246
