accuracy,specificity,precision,recall,f1score,roc_auc
0.7120253164556962,0.7062374245472837,0.40408163265306124,0.7333333333333333,0.5210526315789473,0.7391310827930546
