accuracy,specificity,precision,recall,f1score,roc_auc
0.7151898734177216,0.7348927875243665,0.35545023696682465,0.6302521008403361,0.4545454545454546,0.7354497354497355
