accuracy,specificity,precision,recall,f1score,roc_auc
0.6455696202531646,0.6699801192842942,0.29957805907172996,0.5503875968992248,0.3879781420765028,0.6358361459152064
