accuracy,specificity,precision,recall,f1score,roc_auc
0.6661392405063291,0.6783625730994152,0.3067226890756303,0.6134453781512605,0.4089635854341737,0.6669369502186842
