accuracy,specificity,precision,recall,f1score,roc_auc
0.9096313912009513,0.8641425389755011,0.860730593607306,0.9617346938775511,0.9084337349397591,0.980983818917322
