accuracy,specificity,precision,recall,f1score,roc_auc
0.615506329113924,0.6237424547283702,0.29699248120300753,0.5851851851851851,0.39401496259351626,0.6193904165735151
