accuracy,specificity,precision,recall,f1score,roc_auc
0.569620253164557,0.5730994152046783,0.23157894736842105,0.5546218487394958,0.32673267326732675,0.6133225219912527
