accuracy,specificity,precision,recall,f1score,roc_auc
0.5569620253164557,0.543859649122807,0.23778501628664495,0.6134453781512605,0.3427230046948357,0.6140187068979639
