accuracy,specificity,precision,recall,f1score,roc_auc
0.7183544303797469,0.744466800804829,0.3981042654028436,0.6222222222222222,0.4855491329479768,0.7415455697145839
