isVM,neighbor_OXA,neighbor_CAR
0.601450066176911,0.601450066176911,0.601450066176911
1.0,0.601450066176911,0.8073812897810212
0.612407616950151,0.8073812897810212,0.0
