isVM,neighbor_AMG,neighbor_CF4
0.0,0.0,0.0
1.0,0.0,0.7000874938480888
0.8543391480286542,0.7000874938480888,0.0
