Origin,Gender,Age
0.0,0.9936313335580271,1.0
0.9936313335580271,0.0,0.9156194328085128
1.0,0.9156194328085128,0.0
