accuracy,specificity,precision,recall,f1score,roc_auc
0.6835443037974683,0.6779324055666004,0.35968379446640314,0.7054263565891473,0.47643979057591623,0.7283893537996826
