accuracy,specificity,precision,recall,f1score,roc_auc
0.7025316455696202,0.6998050682261209,0.35564853556485354,0.7142857142857143,0.4748603351955307,0.7318787163988403
