accuracy,specificity,precision,recall,f1score,roc_auc
0.5205696202531646,0.5049701789264414,0.23148148148148148,0.5813953488372093,0.3311258278145695,0.5575539013978147
