features_static,roc_seed_0,mean_importance
Age,0.002300331247699683,0.002300331247699683
Gender,-0.005674150410992396,-0.005674150410992396
SAPSIIIScore,0.021469758311863596,0.021469758311863596
MonthOfAdmission,-0.0038032143295301246,-0.0038032143295301246
YearOfAdmission,0.0021163047478837127,0.0021163047478837127
Origin,0.013280579070052867,0.013280579070052867
ReasonAdmission,-0.002944423997055634,-0.002944423997055634
PatientCategory,-0.0016562384983437317,-0.0016562384983437317
