accuracy,specificity,precision,recall,f1score,roc_auc
0.4651898734177215,0.46680080482897385,0.18960244648318042,0.45925925925925926,0.2683982683982684,0.44732096281392053
