accuracy,specificity,precision,recall,f1score,roc_auc
0.6962719298245614,0.7183673469387755,0.34076433121019106,0.6045197740112994,0.4358452138492872,0.7233367923440563
