Gender,SAPSIIIScore
0.0,0.4530159512835221
0.4530159512835221,0.0
