accuracy,specificity,precision,recall,f1score,roc_auc
0.6075949367088608,0.5685884691848907,0.3111111111111111,0.7596899224806202,0.44144144144144143,0.7112056344105907
