accuracy,specificity,precision,recall,f1score,roc_auc
0.6831140350877193,0.696969696969697,0.29012345679012347,0.6143790849673203,0.3941299790356394,0.68861677301575
