accuracy,specificity,precision,recall,f1score,roc_auc
0.6613924050632911,0.7076023391812866,0.2682926829268293,0.46218487394957986,0.3395061728395062,0.6152472684980425
