accuracy,specificity,precision,recall,f1score,roc_auc
0.6819620253164557,0.6901408450704225,0.36363636363636365,0.6518518518518519,0.46684350132625996,0.7260153513674642
