accuracy,specificity,precision,recall,f1score,roc_auc
0.7041139240506329,0.7223340040241448,0.38392857142857145,0.6370370370370371,0.47910863509749313,0.7206647291154333
