accuracy,specificity,precision,recall,f1score,roc_auc
0.9048751486325802,0.8549450549450549,0.8493150684931506,0.9637305699481865,0.9029126213592233,0.9848260547742412
