accuracy,specificity,precision,recall,f1score,roc_auc
0.5585443037974683,0.5828460038986355,0.20149253731343283,0.453781512605042,0.27906976744186046,0.5254312251216275
