accuracy,specificity,precision,recall,f1score,roc_auc
0.6439873417721519,0.6519114688128773,0.32421875,0.6148148148148148,0.4245524296675192,0.6470228780087935
