accuracy,specificity,precision,recall,f1score,roc_auc
0.6613924050632911,0.6579476861167002,0.3486590038314176,0.674074074074074,0.45959595959595956,0.7219464937774798
