Origin,Gender,Age
0.0,0.21151786130129024,0.1166917332328804
0.21151786130129024,0.0,0.6385545878419987
0.1166917332328804,0.6385545878419987,0.0
