accuracy,specificity,precision,recall,f1score,roc_auc
0.6882911392405063,0.6881091617933723,0.33884297520661155,0.6890756302521008,0.45429362880886426,0.7202483332514291
