accuracy,specificity,precision,recall,f1score,roc_auc
0.6772151898734177,0.6921529175050302,0.35443037974683544,0.6222222222222222,0.45161290322580644,0.7068261420374097
