accuracy,specificity,precision,recall,f1score,roc_auc
0.6962025316455697,0.7082494969818913,0.3776824034334764,0.6518518518518519,0.4782608695652174,0.7026753111260153
