Gender,SAPSIIIScore
0.0,0.4567461955049571
0.4567461955049571,0.0
