features,roc_seed_0,mean_importance
Age,-0.15280781428694323,-0.15280781428694323
Gender,-0.16923217939551882,-0.16923217939551882
SAPSIIIScore,-0.07149877245158553,-0.07149877245158553
MonthOfAdmission,-0.19620739716021018,-0.19620739716021018
YearOfAdmission,-0.1612883688201292,-0.1612883688201292
Origin,-0.17843350438631744,-0.17843350438631744
ReasonAdmission,-0.1694162058953348,-0.1694162058953348
PatientCategory,-0.18895368595913054,-0.18895368595913054
