accuracy,specificity,precision,recall,f1score,roc_auc
0.46677215189873417,0.3822937625754527,0.25485436893203883,0.7777777777777778,0.3839122486288848,0.625843952604516
