accuracy,specificity,precision,recall,f1score,roc_auc
0.6534810126582279,0.676056338028169,0.3235294117647059,0.5703703703703704,0.41286863270777485,0.6389820403904911
