accuracy,specificity,precision,recall,f1score,roc_auc
0.6234177215189873,0.6302681992337165,0.25193798449612403,0.5909090909090909,0.3532608695652174,0.6572709857192617
