accuracy,specificity,precision,recall,f1score,roc_auc
0.6186708860759493,0.6083499005964215,0.30141843971631205,0.6589147286821705,0.413625304136253,0.6753818176214034
