features_static,roc_seed_0,mean_importance
Age,0.0,0.0
Gender,0.0011961722488037507,0.0011961722488037507
SAPSIIIScore,-0.005681818181818121,-0.005681818181818121
MonthOfAdmission,-0.006877990430622094,-0.006877990430622094
YearOfAdmission,-0.010167464114832603,-0.010167464114832603
Origin,0.010167464114832492,0.010167464114832492
ReasonAdmission,-0.006279904306220052,-0.006279904306220052
PatientCategory,-0.0023923444976077235,-0.0023923444976077235
