accuracy,specificity,precision,recall,f1score,roc_auc
0.560126582278481,0.571150097465887,0.21708185053380782,0.5126050420168067,0.305,0.6106606385244155
