accuracy,specificity,precision,recall,f1score,roc_auc
0.5759493670886076,0.5594541910331384,0.25412541254125415,0.6470588235294118,0.3649289099526067,0.643766278441201
