accuracy,specificity,precision,recall,f1score,roc_auc
0.6123417721518988,0.6322067594433399,0.27165354330708663,0.5348837209302325,0.3603133159268929,0.6255259142817513
