accuracy,specificity,precision,recall,f1score,roc_auc
0.8941736028537456,0.8315565031982942,0.8208616780045351,0.9731182795698925,0.8905289052890529,0.9837162115688838
