neighbor_QUI,neighbor_CAR,neighbor_PAP,neighbor_OXA,numberOfPatients,neighbor_CF3,neighbor_PEN
0.5132067522488107,0.7528776288526899,0.842337484580856,0.9224478631188749,0.7974094790137196,0.6685656973435579,0.8837325804284557
0.7528776288526899,0.5132067522488107,0.7869375615062708,0.7429077177990109,0.7290915360035046,0.8407245661417083,0.9429525734904959
0.842337484580856,0.7869375615062708,0.5132067522488107,0.7518285506476303,0.7630278010964492,0.7868841119673518,0.7321790328987152
0.9224478631188749,0.7429077177990109,0.7518285506476303,0.5132067522488107,0.8694238244507536,0.8802520722176632,0.9494650329972301
0.7974094790137196,0.7290915360035046,0.7630278010964492,0.8694238244507536,0.0,0.9410797435679767,1.0
0.6685656973435579,0.8407245661417083,0.7868841119673518,0.8802520722176632,0.9410797435679767,0.5132067522488107,0.9005387923129082
0.8837325804284557,0.9429525734904959,0.7321790328987152,0.9494650329972301,1.0,0.9005387923129082,0.0
