SAPSIIIScore,Age,YearOfAdmission,MonthOfAdmission
0.0,1.0,0.9963470310457139,0.9903585738246434
1.0,0.0,0.9996402302928104,0.9998794068020593
0.9963470310457139,0.9996402302928104,0.0,0.998465451556205
0.9903585738246434,0.9998794068020593,0.998465451556205,0.0
