accuracy,specificity,precision,recall,f1score,roc_auc
0.6914556962025317,0.7153996101364523,0.32407407407407407,0.5882352941176471,0.417910447761194,0.6960620505512147
