accuracy,specificity,precision,recall,f1score,roc_auc
0.5079113924050633,0.44668008048289737,0.2647058823529412,0.7333333333333333,0.38899803536345773,0.6230792160369625
