accuracy,specificity,precision,recall,f1score,roc_auc
0.7025316455696202,0.7095516569200779,0.34934497816593885,0.6722689075630253,0.45977011494252873,0.7142365718217111
