accuracy,specificity,precision,recall,f1score,roc_auc
0.6075949367088608,0.6282306163021869,0.26666666666666666,0.5271317829457365,0.3541666666666667,0.6272288748131367
