accuracy,specificity,precision,recall,f1score,roc_auc
0.7231012658227848,0.7348927875243665,0.37037037037037035,0.6722689075630253,0.4776119402985074,0.7331482300522547
