accuracy,specificity,precision,recall,f1score,roc_auc
0.6550632911392406,0.6719681908548708,0.3153526970954357,0.5891472868217055,0.41081081081081083,0.6890825589101053
