accuracy,specificity,precision,recall,f1score,roc_auc
0.6756329113924051,0.682092555331992,0.35772357723577236,0.6518518518518519,0.4619422572178478,0.6999925478798719
