accuracy,specificity,precision,recall,f1score,roc_auc
0.5743670886075949,0.5613682092555332,0.2781456953642384,0.6222222222222222,0.38443935926773454,0.6056338028169014
