Origin,Gender,Age
0.0,0.20655768245540507,0.11797111826695172
0.20655768245540507,0.0,0.6407891264185801
0.11797111826695172,0.6407891264185801,0.0
