accuracy,specificity,precision,recall,f1score,roc_auc
0.5727848101265823,0.5432595573440644,0.2884012539184953,0.6814814814814815,0.4052863436123348,0.629018555779119
