accuracy,specificity,precision,recall,f1score,roc_auc
0.689873417721519,0.679920477137177,0.3686274509803922,0.7286821705426356,0.4895833333333333,0.7451569651856303
