accuracy,specificity,precision,recall,f1score,roc_auc
0.5411392405063291,0.5243664717348928,0.2302839116719243,0.6134453781512605,0.3348623853211009,0.6233066325945583
