isVM,neighbor_AMG,neighbor_CF4
0.0,0.0,0.0
1.0,0.0,0.6330415358385757
0.8600795878591532,0.6330415358385757,0.0
