Origin,Gender,Age
0.0,0.993594514513149,1.0
0.993594514513149,0.0,0.9126723492865296
1.0,0.9126723492865296,0.0
