accuracy,specificity,precision,recall,f1score,roc_auc
0.5901898734177216,0.5995975855130785,0.2737226277372263,0.5555555555555556,0.36674816625916873,0.6094492883225276
