isVM,neighbor_OXA,neighbor_CAR
0.23911593485400093,0.23911593485400093,0.23911593485400093
1.0,0.21931138558618496,0.6215326915944087
0.2607320408348443,0.6215326915944087,0.0
