isVM,neighbor_OXA,neighbor_CAR
0.0,0.0,0.0
1.0,0.0,0.6215326915944087
0.2607320408348443,0.6215326915944087,0.0
