Gender,SAPSIIIScore
0.0,0.4541825723221131
0.4541825723221131,0.0
