accuracy,specificity,precision,recall,f1score,roc_auc
0.6360759493670886,0.6042884990253411,0.31186440677966104,0.773109243697479,0.4444444444444444,0.7471620227038185
