accuracy,specificity,precision,recall,f1score,roc_auc
0.7072368421052632,0.7482993197278912,0.3392857142857143,0.536723163841808,0.41575492341356673,0.7045466774280333
