accuracy,specificity,precision,recall,f1score,roc_auc
0.7041139240506329,0.6998050682261209,0.35833333333333334,0.7226890756302521,0.47910863509749313,0.7514128458400904
