accuracy,specificity,precision,recall,f1score,roc_auc
0.5221518987341772,0.5487077534791253,0.19217081850533807,0.4186046511627907,0.2634146341463415,0.4959390941174658
