accuracy,specificity,precision,recall,f1score,roc_auc
0.6234177215189873,0.6003976143141153,0.31399317406143346,0.7131782945736435,0.4360189573459715,0.7002712407724196
