Age,Gender,SAPSIIIScore,MonthOfAdmission,YearOfAdmission,Origin,ReasonAdmission,PatientCategory
0.0,0.0,0.997121849392151,0.9960375322063248,0.9969975838366588,0.9991141068463305,1.0,0.9996592718639733
0.0,0.0,0.0,0.0,0.0,0.9922273899322852,0.0,0.9845299404828117
0.997121849392151,0.0,0.0,0.9887148837064806,0.9932515786235184,0.9980237768110451,0.9946405468486155,0.9892981301040322
0.9960375322063248,0.0,0.9887148837064806,0.0,0.995723861892865,0.9914377023699645,0.9958330953247088,0.9945794162124459
0.9969975838366588,0.0,0.9932515786235184,0.995723861892865,0.0,0.9945523583898791,0.9969134039442288,0.9983143978682444
0.9991141068463305,0.9922273899322852,0.9980237768110451,0.9914377023699645,0.9945523583898791,0.0,0.9826950192561503,0.0
1.0,0.0,0.9946405468486155,0.9958330953247088,0.9969134039442288,0.9826950192561503,0.0,0.9836440473291423
0.9996592718639733,0.9845299404828117,0.9892981301040322,0.9945794162124459,0.9983143978682444,0.0,0.9836440473291423,0.0
