accuracy,specificity,precision,recall,f1score,roc_auc
0.6534810126582279,0.6599597585513078,0.3346456692913386,0.6296296296296297,0.43701799485861187,0.6790893509203368
