accuracy,specificity,precision,recall,f1score,roc_auc
0.6503164556962026,0.647887323943662,0.3371212121212121,0.6592592592592592,0.4461152882205513,0.6943438408227139
