accuracy,specificity,precision,recall,f1score,roc_auc
0.6392405063291139,0.6421471172962226,0.3103448275862069,0.627906976744186,0.4153846153846154,0.6928352366421625
