accuracy,specificity,precision,recall,f1score,roc_auc
0.7291666666666666,0.74640522875817,0.3263888888888889,0.6394557823129252,0.43218390804597706,0.7207060602018586
