accuracy,specificity,precision,recall,f1score,roc_auc
0.6546052631578947,0.6639455782312925,0.3061797752808989,0.615819209039548,0.4090056285178237,0.7088281640339752
