accuracy,specificity,precision,recall,f1score,roc_auc
0.7120253164556962,0.7236580516898609,0.38222222222222224,0.6666666666666666,0.48587570621468923,0.729267804028542
