accuracy,specificity,precision,recall,f1score,roc_auc
0.6439873417721519,0.631578947368421,0.30514705882352944,0.6974789915966386,0.4245524296675192,0.7224433633102364
