accuracy,specificity,precision,recall,f1score,roc_auc
0.7231012658227848,0.7270955165692008,0.375,0.7058823529411765,0.48979591836734687,0.7379969531672319
