accuracy,specificity,precision,recall,f1score,roc_auc
0.40664556962025317,0.3320079522862823,0.2112676056338028,0.6976744186046512,0.3243243243243243,0.5070738360534467
