neighbor_QUI,neighbor_CAR,neighbor_PAP,neighbor_OXA,numberOfPatients,neighbor_CF3,neighbor_PEN
0.7853330492720118,2.600494763155222,2.302598676214968,2.0593785564131655,2.2779003522405166,2.7867827260965163,2.179852894723732
2.600494763155222,0.855832100169392,2.4525002172325925,2.5333220825543443,2.562655729773792,2.3107409653068105,2.024647431273528
2.302598676214968,2.4525002172325925,0.19668021347518638,2.631765896614103,2.6035998669765363,2.4462712842178576,2.666015450400658
2.0593785564131655,2.5333220825543443,2.631765896614103,0.23734844886860718,2.1788150761100917,2.1696213310191372,1.9460201267572401
2.2779003522405166,2.562655729773792,2.6035998669765363,2.1788150761100917,1.1102230246251565e-16,1.9609048118326553,1.7994454810589848
2.7867827260965163,2.3107409653068105,2.4462712842178576,2.1696213310191372,1.9609048118326553,0.0,1.9852850543166733
2.179852894723732,2.024647431273528,2.666015450400658,1.9460201267572401,1.7994454810589848,1.9852850543166733,2.015097580878341
