SAPSIIIScore,YearOfAdmission,Gender,Age
0.0,1.0,0.0,0.9804591197307313
1.0,0.0,0.0,0.9920491743141395
0.0,0.0,0.0,0.0
0.9804591197307313,0.9920491743141395,0.0,0.0
