SAPSIIIScore,YearOfAdmission,Gender,Age
0.0,1.0,0.9600026532903313,0.9804591197307313
1.0,0.0,0.917970112292473,0.9920491743141395
0.9457834291968471,0.9457834291968471,0.0,0.9457834291968471
0.9804591197307313,0.9920491743141395,0.9457834291968471,0.0
