accuracy,specificity,precision,recall,f1score,roc_auc
0.7009493670886076,0.7017892644135189,0.375,0.6976744186046512,0.4878048780487806,0.7695301061845978
