accuracy,specificity,precision,recall,f1score,roc_auc
0.680379746835443,0.6803118908382066,0.3306122448979592,0.680672268907563,0.44505494505494514,0.743672907759595
