accuracy,specificity,precision,recall,f1score,roc_auc
0.7262658227848101,0.7554671968190855,0.3910891089108911,0.6124031007751938,0.47734138972809664,0.7188496925424199
