accuracy,specificity,precision,recall,f1score,roc_auc
0.5759493670886076,0.562624254473161,0.2691029900332226,0.627906976744186,0.3767441860465116,0.6541834265723487
