accuracy,specificity,precision,recall,f1score,roc_auc
0.5743670886075949,0.5412474849094567,0.2919254658385093,0.6962962962962963,0.4113785557986871,0.6675385647216632
