accuracy,specificity,precision,recall,f1score,roc_auc
0.9286563614744352,0.9059080962800875,0.8951219512195122,0.9557291666666666,0.924433249370277,0.984967633114515
