accuracy,specificity,precision,recall,f1score,roc_auc
0.6740506329113924,0.6686159844054581,0.32806324110671936,0.6974789915966386,0.4462365591397849,0.7027372352449752
