accuracy,specificity,precision,recall,f1score,roc_auc
0.6598101265822784,0.6421471172962226,0.34306569343065696,0.7286821705426356,0.46650124069478904,0.724867847180483
