accuracy,specificity,precision,recall,f1score,roc_auc
0.5395569620253164,0.5263157894736842,0.22611464968152867,0.5966386554621849,0.32794457274826794,0.605140301734729
