accuracy,specificity,precision,recall,f1score,roc_auc
0.7231012658227848,0.7435387673956262,0.3915094339622642,0.6434108527131783,0.48680351906158353,0.7476844360195418
