accuracy,specificity,precision,recall,f1score,roc_auc
0.5664556962025317,0.5692007797270955,0.22996515679442509,0.5546218487394958,0.3251231527093596,0.6158533588874145
