accuracy,specificity,precision,recall,f1score,roc_auc
0.6598101265822784,0.6432748538011696,0.32222222222222224,0.7310924369747899,0.4473007712082262,0.7500450472586695
