accuracy,specificity,precision,recall,f1score,roc_auc
0.6993670886075949,0.7142857142857143,0.3799126637554585,0.6444444444444445,0.478021978021978,0.7408599746627915
