accuracy,specificity,precision,recall,f1score,roc_auc
0.7050438596491229,0.7281045751633987,0.2925170068027211,0.5850340136054422,0.3900226757369614,0.6911208928015651
