accuracy,specificity,precision,recall,f1score,roc_auc
0.7120253164556962,0.7076023391812866,0.3670886075949367,0.7310924369747899,0.4887640449438202,0.8019231084246563
