accuracy,specificity,precision,recall,f1score,roc_auc
0.6993670886075949,0.7122736418511066,0.38095238095238093,0.6518518518518519,0.4808743169398907,0.7225873761085029
