YearOfAdmission,Gender,Age,SAPSIIIScore
0.0,0.9633353707614938,1.0,0.9823964189678509
0.9199613493826189,0.0,0.9199613493826189,0.9199613493826189
1.0,0.9484419726339104,0.0,0.9997044720539494
0.9823964189678509,0.9199613493826189,0.9997044720539494,0.0
