YearOfAdmission,Gender,Age,SAPSIIIScore
0.0,0.999462933403742,1.0,0.9997449683760786
0.9987998511815466,0.0,0.9987998511815466,0.9987998511815466
1.0,0.999237905500282,0.0,0.9999959995039385
0.9997449683760786,0.9987998511815466,0.9999959995039385,0.0
