YearOfAdmission,Gender,Age,SAPSIIIScore
0.0,0.0,1.0,0.0
0.0,0.0,0.0,0.0
1.0,0.0,0.0,0.9973379372038401
0.0,0.0,0.9973379372038401,0.0
