YearOfAdmission,Gender,Age,SAPSIIIScore
0.0,0.9940418134516826,1.0,0.9971631021022885
0.9867417832101307,0.0,0.9867417832101307,0.9867417832101307
1.0,0.9915664122504321,0.0,0.9999529353331478
0.9971631021022885,0.9867417832101307,0.9999529353331478,0.0
