accuracy,specificity,precision,recall,f1score,roc_auc
0.6819620253164557,0.6900584795321637,0.326271186440678,0.6470588235294118,0.4338028169014085,0.7180696840139565
