YearOfAdmission,Gender,Age,SAPSIIIScore
0.0,0.0,1.0,0.0
0.0,0.0,0.0,0.0
1.0,0.0,0.0,0.997492789331461
0.0,0.0,0.997492789331461,0.0
