YearOfAdmission,Gender,Age,SAPSIIIScore
0.0,0.9994679318952826,1.0,0.999771970812264
0.99882384945273,0.0,0.99882384945273,0.99882384945273
1.0,0.9992529043717596,0.0,0.9999959994879345
0.999771970812264,0.99882384945273,0.9999959994879345,0.0
