YearOfAdmission,Gender,Age,SAPSIIIScore
0.0,0.997257181511342,1.0,0.9988222191312841
0.9939419835350838,0.0,0.9939419835350838,0.9939419835350838
1.0,0.996151448410296,0.0,0.9999799867312028
0.9988222191312841,0.9939419835350838,0.9999799867312028,0.0
