YearOfAdmission,Gender,Age,SAPSIIIScore
0.0,0.9941086047617855,1.0,0.9974683924592544
0.9870134942292768,0.0,0.9870134942292768,0.9870134942292768
1.0,0.9917382269734372,0.0,0.999955937210525
0.9974683924592544,0.9870134942292768,0.999955937210525,0.0
