accuracy,specificity,precision,recall,f1score,roc_auc
0.6977848101265823,0.6978557504873294,0.3487394957983193,0.6974789915966386,0.4649859943977591,0.7209527085688077
