isVM,neighbor_AMG,neighbor_CF4
0.0,8.330976576330873,8.344535562870856
1.6632168705555563,0.0,2.196311735288929
1.8559568786641822,2.196311735288929,0.0
