Origin,Gender,Age
0.0,0.20646453355689076,0.11709766760207874
0.20646453355689076,0.0,0.6518525516447131
0.11709766760207874,0.6518525516447131,0.0
