accuracy,specificity,precision,recall,f1score,roc_auc
0.5996835443037974,0.5886939571150097,0.2673611111111111,0.6470588235294118,0.3783783783783784,0.6865284125346044
