accuracy,specificity,precision,recall,f1score,roc_auc
0.6439873417721519,0.6759443339960238,0.29130434782608694,0.5193798449612403,0.37325905292479106,0.6056297871684622
