accuracy,specificity,precision,recall,f1score,roc_auc
0.625,0.6123260437375746,0.30851063829787234,0.6744186046511628,0.4233576642335767,0.6879189976420547
