accuracy,specificity,precision,recall,f1score,roc_auc
0.6708860759493671,0.6739562624254473,0.3413654618473896,0.6589147286821705,0.4497354497354497,0.7166766840815572
