accuracy,specificity,precision,recall,f1score,roc_auc
0.6265822784810127,0.6140350877192983,0.2903225806451613,0.680672268907563,0.407035175879397,0.7003783969728242
