accuracy,specificity,precision,recall,f1score,roc_auc
0.555379746835443,0.49304174950298213,0.2877094972067039,0.7984496124031008,0.42299794661190965,0.7215621002666174
