accuracy,specificity,precision,recall,f1score,roc_auc
0.4810126582278481,0.4135188866799205,0.24552429667519182,0.7441860465116279,0.36923076923076925,0.6247861667206066
