accuracy,specificity,precision,recall,f1score,roc_auc
0.5791139240506329,0.5487077534791253,0.28391167192429023,0.6976744186046512,0.4035874439461884,0.6694715428360071
