accuracy,specificity,precision,recall,f1score,roc_auc
0.7215189873417721,0.7892644135188867,0.3575757575757576,0.4573643410852713,0.40136054421768713,0.6355125063572056
