accuracy,specificity,precision,recall,f1score,roc_auc
0.5870253164556962,0.5566600397614314,0.2898089171974522,0.7054263565891473,0.4108352144469526,0.6691479032780063
