accuracy,specificity,precision,recall,f1score,roc_auc
0.7149122807017544,0.7364953886693018,0.3174061433447099,0.6078431372549019,0.41704035874439466,0.7087757369087293
