YearOfAdmission,Gender,Age,SAPSIIIScore
0.0,0.9640073414045733,1.0,0.9821832707591936
0.918075131345154,0.0,0.918075131345154,0.918075131345154
1.0,0.9485819162922476,0.0,0.9991585031041549
0.9821832707591936,0.918075131345154,0.9991585031041549,0.0
