YearOfAdmission,Gender,Age,SAPSIIIScore
0.0,0.0,1.0,0.0
0.0,0.0,0.0,0.0
1.0,0.0,0.0,0.9924540735754923
0.0,0.0,0.9924540735754923,0.0
