YearOfAdmission,Gender,Age,SAPSIIIScore
0.0,0.9994729320082291,1.0,0.9997409665846894
0.998769841309529,0.0,0.998769841309529,0.998769841309529
1.0,0.9992399019473512,0.0,0.9999879984518004
0.9997409665846894,0.998769841309529,0.9999879984518004,0.0
