YearOfAdmission,Gender,Age,SAPSIIIScore
0.0,0.997277189330905,1.0,0.9986631109687942
0.9936617850870829,0.0,0.9936617850870829,0.9936617850870829
1.0,0.9960813941270946,0.0,0.9999369580771214
0.9986631109687942,0.9936617850870829,0.9999369580771214,0.0
