isVM,neighbor_OXA,neighbor_CAR
0.0,0.0,0.0
1.0,0.0,0.41099271910264207
0.0,0.41099271910264207,0.0
