accuracy,specificity,precision,recall,f1score,roc_auc
0.569620253164557,0.5653021442495126,0.23890784982935154,0.5882352941176471,0.33980582524271846,0.6141661342899732
