accuracy,specificity,precision,recall,f1score,roc_auc
0.5664556962025317,0.5231388329979879,0.29253731343283584,0.725925925925926,0.4170212765957447,0.6821521722930174
