accuracy,specificity,precision,recall,f1score,roc_auc
0.7231012658227848,0.7475149105367793,0.3894230769230769,0.627906976744186,0.4807121661721068,0.7402176090742367
