accuracy,specificity,precision,recall,f1score,roc_auc
0.5632911392405063,0.5372233400402414,0.27899686520376177,0.6592592592592592,0.3920704845814978,0.6207392503167151
