accuracy,specificity,precision,recall,f1score,roc_auc
0.6458333333333334,0.6405228758169934,0.2647058823529412,0.673469387755102,0.3800383877159309,0.7010181850517986
