accuracy,specificity,precision,recall,f1score,roc_auc
0.9072532699167658,0.862144420131291,0.8541666666666666,0.9609375,0.9044117647058825,0.9810300419401896
