accuracy,specificity,precision,recall,f1score,roc_auc
0.6977848101265823,0.7037773359840954,0.3686440677966102,0.6744186046511628,0.47671232876712333,0.7354246613343196
