accuracy,specificity,precision,recall,f1score,roc_auc
0.8989298454221165,0.8400852878464818,0.8283752860411899,0.9731182795698925,0.8949320148331273,0.983177430818259
