accuracy,specificity,precision,recall,f1score,roc_auc
0.6835443037974683,0.6719681908548708,0.36293436293436293,0.7286821705426356,0.48453608247422675,0.7171852605298442
