YearOfAdmission,Gender,Age,SAPSIIIScore
0.0,0.9994599314112893,1.0,0.9997079629112898
0.9988138493588685,0.0,0.9988138493588685,0.9988138493588685
1.0,0.9992379032137081,0.0,0.9999899987298386
0.9997079629112898,0.9988138493588685,0.9999899987298386,0.0
