YearOfAdmission,Gender,Age,SAPSIIIScore
0.0,0.7134494501865197,1.0,0.8331837205399055
0.47633609277797934,0.0,0.47633609277797934,0.47633609277797934
1.0,0.6210353060926156,0.0,0.9940974233753296
0.8331837205399055,0.47633609277797934,0.9940974233753296,0.0
