YearOfAdmission,Gender,Age,SAPSIIIScore
0.0,0.0,1.0,0.0
0.0,0.0,0.0,0.0
1.0,0.0,0.0,0.9940974233753296
0.0,0.0,0.9940974233753296,0.0
