YearOfAdmission,Gender,Age,SAPSIIIScore
0.0,0.9940155379706905,1.0,0.9967604192327952
0.9869024801068712,0.0,0.9869024801068712,0.9869024801068712
1.0,0.9915670758452452,0.0,0.9998948513197661
0.9967604192327952,0.9869024801068712,0.9998948513197661,0.0
