YearOfAdmission,Gender,Age,SAPSIIIScore
0.0,0.9972141669218346,1.0,0.9984930083995269
0.9938899796065812,0.0,0.9938899796065812,0.9938899796065812
1.0,0.9960714149910641,0.0,0.9999519683952041
0.9984930083995269,0.9938899796065812,0.9999519683952041,0.0
