accuracy,specificity,precision,recall,f1score,roc_auc
0.9048751486325802,0.8552338530066815,0.8529411764705882,0.9617346938775511,0.9040767386091128,0.9801543111676742
