accuracy,specificity,precision,recall,f1score,roc_auc
0.629746835443038,0.6393762183235867,0.27450980392156865,0.5882352941176471,0.3743315508021391,0.6890592494307665
