Age,Gender,SAPSIIIScore,YearOfAdmission
0.0,0.9863990784600034,1.0,0.9999799839270934
0.9863990784600034,0.0,0.9934897722871466,0.9911208700586571
1.0,0.9934897722871466,0.0,0.9993775001326065
0.9999799839270934,0.9911208700586571,0.9993775001326065,0.0
