Age,Gender,SAPSIIIScore,YearOfAdmission
0.0,0.0,1.0,0.995553617194118
0.0,0.0,0.23004848965565994,0.0
1.0,0.23004848965565994,0.0,0.8693738759733577
0.995553617194118,0.0,0.8693738759733577,0.0
