Age,Gender,SAPSIIIScore,YearOfAdmission
0.0,0.710093632060793,1.0,0.9995041388084843
0.710093632060793,0.0,0.8493581862499527,0.8001434528467636
1.0,0.8493581862499527,0.0,0.9845660653414453
0.9995041388084843,0.8001434528467636,0.9845660653414453,0.0
