Age,Gender,SAPSIIIScore,YearOfAdmission
0.0,0.0,1.0,0.9995041388084843
0.0,0.0,0.0,0.0
1.0,0.0,0.0,0.0
0.9995041388084843,0.0,0.0,0.0
