Age,Gender,SAPSIIIScore,YearOfAdmission
0.0,0.9696572009048342,1.0,0.9999549185829607
0.9696572009048342,0.0,0.9854126552553912,0.9801331204154703
1.0,0.9854126552553912,0.0,0.9986004724532506
0.9999549185829607,0.9801331204154703,0.9986004724532506,0.0
