Age,Gender,SAPSIIIScore,YearOfAdmission
0.0,0.917970112292473,1.0,0.9998753757571677
0.917970112292473,0.0,0.9600026532903313,0.9457834291968471
1.0,0.9600026532903313,0.0,0.9961185578563023
0.9998753757571677,0.9457834291968471,0.9961185578563023,0.0
