Age,Gender,SAPSIIIScore,YearOfAdmission
0.0,0.0,1.0,0.995553617194118
0.0,0.0,0.0,0.0
1.0,0.0,0.0,0.0
0.995553617194118,0.0,0.0,0.0
