accuracy,specificity,precision,recall,f1score,roc_auc
0.9191438763376932,0.8818380743982495,0.8726415094339622,0.9635416666666666,0.9158415841584159,0.9844946663019694
