accuracy,specificity,precision,recall,f1score,roc_auc
0.6930379746835443,0.7142857142857143,0.3688888888888889,0.6148148148148148,0.4611111111111111,0.6931962143229748
