neighbor_QUI,neighbor_CAR,neighbor_PAP,neighbor_OXA,numberOfPatients,neighbor_CF3,neighbor_PEN
0.0,2.575345103222261,2.3351870182305823,2.0041174554208045,2.3720764767776275,2.764040636092596,2.095812823138875
2.575345103222261,0.0,2.448868656855615,2.7138306186502748,2.5970174691591414,2.3053078176293624,1.9954173281268992
2.3351870182305823,2.448868656855615,0.28397330242645435,2.663052385313595,2.677574280525877,2.4943299333066444,2.7136105045106964
2.0041174554208045,2.7138306186502748,2.663052385313595,0.0,2.1896494394251635,2.3579649991653584,1.9248596556636004
2.3720764767776275,2.5970174691591414,2.677574280525877,2.1896494394251635,0.8413010698541554,1.9493132219179994,1.8155494255048148
2.764040636092596,2.3053078176293624,2.4943299333066444,2.3579649991653584,1.9493132219179994,1.1102230246251565e-16,1.9918799770504703
2.095812823138875,1.9954173281268992,2.7136105045106964,1.9248596556636004,1.8155494255048148,1.9918799770504703,0.0
