accuracy,specificity,precision,recall,f1score,roc_auc
0.689873417721519,0.6898608349900597,0.363265306122449,0.689922480620155,0.4759358288770054,0.7353553100004624
