accuracy,specificity,precision,recall,f1score,roc_auc
0.6756329113924051,0.6764132553606238,0.3252032520325203,0.6722689075630253,0.4383561643835617,0.7216407030648517
