isVM,neighbor_OXA,neighbor_CAR
0.0,0.0,0.0
1.0,0.0,0.44445751297333147
0.0,0.44445751297333147,0.0
