accuracy,specificity,precision,recall,f1score,roc_auc
0.6914556962025317,0.7203219315895373,0.3623853211009174,0.5851851851851851,0.4475920679886685,0.7408748789030479
