isVM,neighbor_AMG,neighbor_CF4
0.0,8.359404521150587,8.373953214737286
1.645759241949299,0.0,2.101568969112013
1.8609108234084644,2.101568969112013,0.0
