Origin,Gender,Age
0.0,0.20872339434586196,0.12477377087351615
0.20872339434586196,0.0,0.6434786089834263
0.12477377087351615,0.6434786089834263,0.0
