accuracy,specificity,precision,recall,f1score,roc_auc
0.6265822784810127,0.6198830409356725,0.2857142857142857,0.6554621848739496,0.39795918367346933,0.6892230576441103
