Age,Gender,SAPSIIIScore,MonthOfAdmission,YearOfAdmission,Origin,ReasonAdmission,PatientCategory
0.0,0.0,0.9969757519034326,0.9972182529105131,0.9971310727963975,0.9990219794094599,1.0,0.9998106087176106
0.0,0.0,0.0,0.0,0.0,0.9926227586193075,0.0,0.9840169790787767
0.9969757519034326,0.0,0.0,0.9875071898542388,0.9931428330931705,0.9981321410033128,0.9937420711189318,0.9882106431888281
0.9972182529105131,0.0,0.9875071898542388,0.0,0.9956620377700328,0.9914773922924762,0.9958374000685416,0.9946940378822648
0.9971310727963975,0.0,0.9931428330931705,0.9956620377700328,0.0,0.9944655658590649,0.9974848036042464,0.9982293418202006
0.9990219794094599,0.9926227586193075,0.9981321410033128,0.9914773922924762,0.9944655658590649,0.0,0.9823084492561632,0.0
1.0,0.0,0.9937420711189318,0.9958374000685416,0.9974848036042464,0.9823084492561632,0.0,0.983856647834426
0.9998106087176106,0.9840169790787767,0.9882106431888281,0.9946940378822648,0.9982293418202006,0.0,0.983856647834426,0.0
