accuracy,specificity,precision,recall,f1score,roc_auc
0.7104430379746836,0.7153996101364523,0.35964912280701755,0.6890756302521008,0.4726224783861671,0.7522974101921471
