YearOfAdmission,Gender,Age,SAPSIIIScore
0.0,0.4541825723221131,0.20024090500142722,0.33376724819563197
0.6385545878419987,0.0,0.6385545878419987,0.6385545878419987
0.20024090500142722,0.522908419107944,0.0,0.20335116562366662
0.33376724819563197,0.6385545878419987,0.20335116562366662,0.0
