accuracy,specificity,precision,recall,f1score,roc_auc
0.4936708860759494,0.4386317907444668,0.2520107238605898,0.6962962962962963,0.3700787401574803,0.5871078321782547
