accuracy,specificity,precision,recall,f1score,roc_auc
0.6329113924050633,0.6116700201207244,0.33217993079584773,0.7111111111111111,0.45283018867924535,0.6812132051568671
