accuracy,specificity,precision,recall,f1score,roc_auc
0.6882911392405063,0.6939571150097466,0.3347457627118644,0.6638655462184874,0.4450704225352113,0.7090438514587121
