accuracy,specificity,precision,recall,f1score,roc_auc
0.7050438596491229,0.7308192457737321,0.28125,0.5664335664335665,0.37587006960556846,0.7098129438831651
