accuracy,specificity,precision,recall,f1score,roc_auc
0.6487341772151899,0.6498993963782697,0.3333333333333333,0.6444444444444445,0.4393939393939394,0.6975929651985989
