accuracy,specificity,precision,recall,f1score,roc_auc
0.915576694411415,0.8730853391684902,0.8648018648018648,0.9661458333333334,0.912669126691267,0.9849448395331875
