accuracy,specificity,precision,recall,f1score,roc_auc
0.5585443037974683,0.536779324055666,0.2626582278481013,0.6434108527131783,0.37303370786516854,0.6354893892459198
