accuracy,specificity,precision,recall,f1score,roc_auc
0.625,0.6361829025844931,0.29069767441860467,0.5813953488372093,0.3875968992248062,0.6457225638417556
