accuracy,specificity,precision,recall,f1score,roc_auc
0.6044303797468354,0.5765407554671969,0.3016393442622951,0.7131782945736435,0.42396313364055294,0.696056220814647
