accuracy,specificity,precision,recall,f1score,roc_auc
0.6962025316455697,0.7017892644135189,0.3670886075949367,0.6744186046511628,0.47540983606557374,0.7251067239971025
