accuracy,specificity,precision,recall,f1score,roc_auc
0.7028508771929824,0.7281045751633987,0.2876712328767123,0.5714285714285714,0.38268792710706145,0.6911475701391667
