SAPSIIIScore,YearOfAdmission,Gender,Age
0.0,1.0,0.9603011711541477,0.978407222318266
1.0,0.0,0.9145455495740344,0.9938547575875751
0.9449350497931484,0.9449350497931484,0.0,0.9449350497931484
0.978407222318266,0.9938547575875751,0.9449350497931484,0.0
