accuracy,specificity,precision,recall,f1score,roc_auc
0.689873417721519,0.6896551724137931,0.31932773109243695,0.6909090909090909,0.4367816091954023,0.7380355276907
