isVM,neighbor_OXA,neighbor_CAR
0.0,8.320150567065706,8.500211269097905
1.802667873479756,0.0,2.494176762051691
4.406994113097669,2.494176762051691,2.4376413530427756
