accuracy,specificity,precision,recall,f1score,roc_auc
0.7199367088607594,0.7077534791252486,0.4024390243902439,0.7674418604651163,0.5280000000000001,0.7745927535561823
