accuracy,specificity,precision,recall,f1score,roc_auc
0.7104430379746836,0.7251461988304093,0.3532110091743119,0.6470588235294118,0.456973293768546,0.6863482234999262
