accuracy,specificity,precision,recall,f1score,roc_auc
0.9131985731272295,0.8596881959910914,0.8584269662921349,0.9744897959183674,0.9127837514934289,0.981358801872642
