accuracy,specificity,precision,recall,f1score,roc_auc
0.9131985731272295,0.8813186813186813,0.8717339667458432,0.9507772020725389,0.909541511771995,0.9855548596481238
