Gender,SAPSIIIScore
0.0,0.4546978816846745
0.4546978816846745,0.0
