SAPSIIIScore,YearOfAdmission,Gender,Age
0.0,1.0,0.9594810535709978,0.9761642023846853
1.0,0.0,0.9173641428881546,0.9922905762319401
0.9448049076597763,0.9448049076597763,0.0,0.9448049076597763
0.9761642023846853,0.9922905762319401,0.9448049076597763,0.0
