SAPSIIIScore,YearOfAdmission,Gender,Age
0.0,1.0,0.0,0.9761642023846853
1.0,0.0,0.0,0.9922905762319401
0.0,0.0,0.0,0.0
0.9761642023846853,0.9922905762319401,0.0,0.0
