accuracy,specificity,precision,recall,f1score,roc_auc
0.7120253164556962,0.7196819085487077,0.38427947598253276,0.6821705426356589,0.4916201117318436,0.7373125587559912
