accuracy,specificity,precision,recall,f1score,roc_auc
0.6598101265822784,0.6296296296296297,0.33098591549295775,0.7899159663865546,0.46650124069478904,0.7681786164758302
