accuracy,specificity,precision,recall,f1score,roc_auc
0.9036860879904876,0.8483516483516483,0.8442437923250564,0.9689119170984456,0.902291917973462,0.9870067756078119
