accuracy,specificity,precision,recall,f1score,roc_auc
0.7120253164556962,0.7077534791252486,0.3900414937759336,0.7286821705426356,0.5081081081081081,0.7527470833911262
