isVM,neighbor_AMG,neighbor_CF4
0.0,0.0,0.0
1.0,0.0,0.684155663020996
0.8456422642225887,0.684155663020996,0.0
