accuracy,specificity,precision,recall,f1score,roc_auc
0.6914556962025317,0.6861598440545809,0.34552845528455284,0.7142857142857143,0.4657534246575342,0.7569987059151148
