accuracy,specificity,precision,recall,f1score,roc_auc
0.6123417721518988,0.5754527162977867,0.32371794871794873,0.7481481481481481,0.4519015659955257,0.7286384976525822
