accuracy,specificity,precision,recall,f1score,roc_auc
0.6439873417721519,0.6283524904214559,0.2893772893772894,0.7181818181818181,0.412532637075718,0.7214036920933473
