accuracy,specificity,precision,recall,f1score,roc_auc
0.7116228070175439,0.7401360544217687,0.3547297297297297,0.5932203389830508,0.4439746300211416,0.7197009877397287
