accuracy,specificity,precision,recall,f1score,roc_auc
0.6566455696202531,0.6341948310139165,0.34285714285714286,0.7441860465116279,0.46943765281173583,0.7645599272581566
