accuracy,specificity,precision,recall,f1score,roc_auc
0.6756329113924051,0.6958250497017893,0.3347826086956522,0.5968992248062015,0.42896935933147634,0.6824787707861358
