accuracy,specificity,precision,recall,f1score,roc_auc
0.6882911392405063,0.7062374245472837,0.3652173913043478,0.6222222222222222,0.4602739726027397,0.721663313212609
