isVM,neighbor_OXA,neighbor_CAR
0.0,8.33493540451773,8.518493071448317
1.8225950640337907,0.23734844886860718,2.5333220825543443
4.398486199031544,2.5333220825543443,0.855832100169392
