accuracy,specificity,precision,recall,f1score,roc_auc
0.689873417721519,0.6861167002012073,0.3784860557768924,0.7037037037037037,0.4922279792746113,0.7377077278485729
