isVM,neighbor_AMG,neighbor_CF4
0.0,8.277543441795574,8.290211691993516
1.5925172780859236,0.0,2.0878636339077237
1.8598022471738362,2.0878636339077237,0.0
