accuracy,specificity,precision,recall,f1score,roc_auc
0.5537974683544303,0.5536062378167641,0.22372881355932203,0.5546218487394958,0.3188405797101449,0.6089734139269743
