accuracy,specificity,precision,recall,f1score,roc_auc
0.3449367088607595,0.24346076458752516,0.20507399577167018,0.7185185185185186,0.3190789473684211,0.4761681198300918
