accuracy,specificity,precision,recall,f1score,roc_auc
0.5332278481012658,0.5050301810865191,0.25903614457831325,0.6370370370370371,0.3683083511777302,0.5973619494746255
