accuracy,specificity,precision,recall,f1score,roc_auc
0.6186708860759493,0.5995975855130785,0.3184931506849315,0.6888888888888889,0.43559718969555034,0.6826887249422461
